--------------------------------------------------------
--  파일이 생성됨 - 월요일-7월-17-2017   
--------------------------------------------------------
--------------------------------------------------------
--  DDL for Sequence SEQ_ADVERTISEMENT
--------------------------------------------------------

   CREATE SEQUENCE  "TRAVELMAKER"."SEQ_ADVERTISEMENT"  MINVALUE 1 MAXVALUE 9999999999999999999999999999 INCREMENT BY 1 START WITH 121 CACHE 20 NOORDER  NOCYCLE ;
--------------------------------------------------------
--  DDL for Sequence SEQ_LIKELOC
--------------------------------------------------------

   CREATE SEQUENCE  "TRAVELMAKER"."SEQ_LIKELOC"  MINVALUE 1 MAXVALUE 9999999999999999999999999999 INCREMENT BY 1 START WITH 41 CACHE 20 NOORDER  NOCYCLE ;
--------------------------------------------------------
--  DDL for Sequence SEQ_LIKESC
--------------------------------------------------------

   CREATE SEQUENCE  "TRAVELMAKER"."SEQ_LIKESC"  MINVALUE 1 MAXVALUE 9999999999999999999999999999 INCREMENT BY 1 START WITH 1 CACHE 20 NOORDER  NOCYCLE ;
--------------------------------------------------------
--  DDL for Sequence SEQ_LIKESPOT
--------------------------------------------------------

   CREATE SEQUENCE  "TRAVELMAKER"."SEQ_LIKESPOT"  MINVALUE 1 MAXVALUE 9999999999999999999999999999 INCREMENT BY 1 START WITH 41 CACHE 20 NOORDER  NOCYCLE ;
--------------------------------------------------------
--  DDL for Sequence SEQ_MEMBER
--------------------------------------------------------

   CREATE SEQUENCE  "TRAVELMAKER"."SEQ_MEMBER"  MINVALUE 1 MAXVALUE 9999999999999999999999999999 INCREMENT BY 1 START WITH 1 CACHE 20 NOORDER  NOCYCLE ;
--------------------------------------------------------
--  DDL for Sequence SEQ_PARSTEMP
--------------------------------------------------------

   CREATE SEQUENCE  "TRAVELMAKER"."SEQ_PARSTEMP"  MINVALUE 1 MAXVALUE 9999999999999999999999999999 INCREMENT BY 1 START WITH 101 CACHE 20 NOORDER  NOCYCLE ;
--------------------------------------------------------
--  DDL for Sequence SEQ_PARTNER
--------------------------------------------------------

   CREATE SEQUENCE  "TRAVELMAKER"."SEQ_PARTNER"  MINVALUE 1 MAXVALUE 9999999999999999999999999999 INCREMENT BY 1 START WITH 241 CACHE 20 NOORDER  NOCYCLE ;
--------------------------------------------------------
--  DDL for Sequence SEQ_QNA
--------------------------------------------------------

   CREATE SEQUENCE  "TRAVELMAKER"."SEQ_QNA"  MINVALUE 1 MAXVALUE 9999999999999999999999999999 INCREMENT BY 1 START WITH 101 CACHE 20 NOORDER  NOCYCLE ;
--------------------------------------------------------
--  DDL for Sequence SEQ_REVIEWREPLY
--------------------------------------------------------

   CREATE SEQUENCE  "TRAVELMAKER"."SEQ_REVIEWREPLY"  MINVALUE 1 MAXVALUE 9999999999999999999999999999 INCREMENT BY 1 START WITH 61 CACHE 20 NOORDER  NOCYCLE ;
--------------------------------------------------------
--  DDL for Sequence SEQ_STEMP
--------------------------------------------------------

   CREATE SEQUENCE  "TRAVELMAKER"."SEQ_STEMP"  MINVALUE 1 MAXVALUE 9999999999999999999999999999 INCREMENT BY 1 START WITH 121 CACHE 20 NOORDER  NOCYCLE ;
--------------------------------------------------------
--  DDL for Sequence SEQ_TEST
--------------------------------------------------------

   CREATE SEQUENCE  "TRAVELMAKER"."SEQ_TEST"  MINVALUE 1 MAXVALUE 9999999999999999999999999999 INCREMENT BY 1 START WITH 21 CACHE 20 NOORDER  NOCYCLE ;
--------------------------------------------------------
--  DDL for Sequence SEQ_TOTALRE
--------------------------------------------------------

   CREATE SEQUENCE  "TRAVELMAKER"."SEQ_TOTALRE"  MINVALUE 1 MAXVALUE 9999999999999999999999999999 INCREMENT BY 1 START WITH 141 CACHE 20 NOORDER  NOCYCLE ;




--------------------------------------------------------
--  파일이 생성됨 - 월요일-7월-17-2017   
--------------------------------------------------------
--------------------------------------------------------
--  DDL for Table ADVERTISEMENT
--------------------------------------------------------

  CREATE TABLE "TRAVELMAKER"."ADVERTISEMENT" 
   (	"AD_NUM" VARCHAR2(50 BYTE), 
	"PARTNER_NUM" VARCHAR2(50 BYTE), 
	"AD_TITLE" VARCHAR2(50 BYTE), 
	"AD_PHOTO" VARCHAR2(50 BYTE), 
	"AD_PHOTOFAKE" VARCHAR2(500 BYTE), 
	"AD_CHECK" NUMBER, 
	"AD_STDATE" DATE, 
	"AD_EDDATE" DATE
   ) SEGMENT CREATION IMMEDIATE 
  PCTFREE 10 PCTUSED 40 INITRANS 1 MAXTRANS 255 NOCOMPRESS LOGGING
  STORAGE(INITIAL 65536 NEXT 1048576 MINEXTENTS 1 MAXEXTENTS 2147483645
  PCTINCREASE 0 FREELISTS 1 FREELIST GROUPS 1 BUFFER_POOL DEFAULT FLASH_CACHE DEFAULT CELL_FLASH_CACHE DEFAULT)
  TABLESPACE "USERS" ;
--------------------------------------------------------
--  DDL for Table HASHTAG
--------------------------------------------------------

  CREATE TABLE "TRAVELMAKER"."HASHTAG" 
   (	"SC_NUM" VARCHAR2(50 BYTE), 
	"HASHTAG" VARCHAR2(50 BYTE)
   ) SEGMENT CREATION IMMEDIATE 
  PCTFREE 10 PCTUSED 40 INITRANS 1 MAXTRANS 255 NOCOMPRESS LOGGING
  STORAGE(INITIAL 65536 NEXT 1048576 MINEXTENTS 1 MAXEXTENTS 2147483645
  PCTINCREASE 0 FREELISTS 1 FREELIST GROUPS 1 BUFFER_POOL DEFAULT FLASH_CACHE DEFAULT CELL_FLASH_CACHE DEFAULT)
  TABLESPACE "USERS" ;
--------------------------------------------------------
--  DDL for Table LIKELOC
--------------------------------------------------------

  CREATE TABLE "TRAVELMAKER"."LIKELOC" 
   (	"LIKELOC_NUM" VARCHAR2(50 BYTE), 
	"USER_ID" VARCHAR2(50 BYTE), 
	"LIKELOC_NAME" VARCHAR2(50 BYTE)
   ) SEGMENT CREATION IMMEDIATE 
  PCTFREE 10 PCTUSED 40 INITRANS 1 MAXTRANS 255 NOCOMPRESS LOGGING
  STORAGE(INITIAL 65536 NEXT 1048576 MINEXTENTS 1 MAXEXTENTS 2147483645
  PCTINCREASE 0 FREELISTS 1 FREELIST GROUPS 1 BUFFER_POOL DEFAULT FLASH_CACHE DEFAULT CELL_FLASH_CACHE DEFAULT)
  TABLESPACE "USERS" ;
--------------------------------------------------------
--  DDL for Table LIKESPOT
--------------------------------------------------------

  CREATE TABLE "TRAVELMAKER"."LIKESPOT" 
   (	"LIKESPOT_NUM" VARCHAR2(50 BYTE), 
	"USER_ID" VARCHAR2(50 BYTE), 
	"LIKESPOT_NAME" VARCHAR2(50 BYTE), 
	"LIKESPOT_REASON" VARCHAR2(50 BYTE)
   ) SEGMENT CREATION IMMEDIATE 
  PCTFREE 10 PCTUSED 40 INITRANS 1 MAXTRANS 255 NOCOMPRESS LOGGING
  STORAGE(INITIAL 65536 NEXT 1048576 MINEXTENTS 1 MAXEXTENTS 2147483645
  PCTINCREASE 0 FREELISTS 1 FREELIST GROUPS 1 BUFFER_POOL DEFAULT FLASH_CACHE DEFAULT CELL_FLASH_CACHE DEFAULT)
  TABLESPACE "USERS" ;
--------------------------------------------------------
--  DDL for Table MEMBER
--------------------------------------------------------

  CREATE TABLE "TRAVELMAKER"."MEMBER" 
   (	"USER_ID" VARCHAR2(50 BYTE), 
	"USER_PW" VARCHAR2(50 BYTE), 
	"USER_NICK" VARCHAR2(50 BYTE), 
	"USER_NAME" VARCHAR2(50 BYTE), 
	"USER_ADDR" VARCHAR2(100 BYTE), 
	"USER_TEL" VARCHAR2(50 BYTE), 
	"USER_TYPE" NUMBER, 
	"USER_DATE" DATE, 
	"USER_EMAIL" VARCHAR2(50 BYTE)
   ) SEGMENT CREATION IMMEDIATE 
  PCTFREE 10 PCTUSED 40 INITRANS 1 MAXTRANS 255 NOCOMPRESS LOGGING
  STORAGE(INITIAL 65536 NEXT 1048576 MINEXTENTS 1 MAXEXTENTS 2147483645
  PCTINCREASE 0 FREELISTS 1 FREELIST GROUPS 1 BUFFER_POOL DEFAULT FLASH_CACHE DEFAULT CELL_FLASH_CACHE DEFAULT)
  TABLESPACE "USERS" ;
--------------------------------------------------------
--  DDL for Table PARSTEMP
--------------------------------------------------------

  CREATE TABLE "TRAVELMAKER"."PARSTEMP" 
   (	"PARSTEMP_NUM" VARCHAR2(50 BYTE), 
	"PARTNER_NUM" VARCHAR2(50 BYTE), 
	"PARTNER_NAME" VARCHAR2(50 BYTE), 
	"PARTNER_ADDR" VARCHAR2(50 BYTE), 
	"PARSTEMP_QRCODEIMG" VARCHAR2(20 BYTE)
   ) SEGMENT CREATION IMMEDIATE 
  PCTFREE 10 PCTUSED 40 INITRANS 1 MAXTRANS 255 NOCOMPRESS LOGGING
  STORAGE(INITIAL 65536 NEXT 1048576 MINEXTENTS 1 MAXEXTENTS 2147483645
  PCTINCREASE 0 FREELISTS 1 FREELIST GROUPS 1 BUFFER_POOL DEFAULT FLASH_CACHE DEFAULT CELL_FLASH_CACHE DEFAULT)
  TABLESPACE "USERS" ;
--------------------------------------------------------
--  DDL for Table PARTNER
--------------------------------------------------------

  CREATE TABLE "TRAVELMAKER"."PARTNER" 
   (	"PARTNER_NUM" VARCHAR2(50 BYTE), 
	"PARTNER_REGINUM" VARCHAR2(50 BYTE), 
	"PARTNER_COMNAME" VARCHAR2(50 BYTE), 
	"PARTNER_PHOTO" VARCHAR2(50 BYTE), 
	"PARTNER_PHOTOFAKE" VARCHAR2(500 BYTE), 
	"PARTNER_CEONAME" VARCHAR2(50 BYTE), 
	"PARTNER_EMAIL" VARCHAR2(50 BYTE), 
	"PARTNER_TEL" VARCHAR2(50 BYTE), 
	"PARTNER_CONTENT" VARCHAR2(1024 BYTE), 
	"PARTNER_DATE" DATE, 
	"PARTNER_STATE" NUMBER, 
	"PARTNER_TYPE" NUMBER
   ) SEGMENT CREATION IMMEDIATE 
  PCTFREE 10 PCTUSED 40 INITRANS 1 MAXTRANS 255 NOCOMPRESS LOGGING
  STORAGE(INITIAL 65536 NEXT 1048576 MINEXTENTS 1 MAXEXTENTS 2147483645
  PCTINCREASE 0 FREELISTS 1 FREELIST GROUPS 1 BUFFER_POOL DEFAULT FLASH_CACHE DEFAULT CELL_FLASH_CACHE DEFAULT)
  TABLESPACE "USERS" ;
--------------------------------------------------------
--  DDL for Table QNA
--------------------------------------------------------

  CREATE TABLE "TRAVELMAKER"."QNA" 
   (	"QNA_NUM" VARCHAR2(50 BYTE), 
	"USER_ID" VARCHAR2(50 BYTE), 
	"QNA_DATE" DATE, 
	"QNA_TYPE" VARCHAR2(50 BYTE), 
	"QNA_CONTENT" VARCHAR2(1024 BYTE), 
	"QNA_REPLY" VARCHAR2(1024 BYTE)
   ) SEGMENT CREATION IMMEDIATE 
  PCTFREE 10 PCTUSED 40 INITRANS 1 MAXTRANS 255 NOCOMPRESS LOGGING
  STORAGE(INITIAL 65536 NEXT 1048576 MINEXTENTS 1 MAXEXTENTS 2147483645
  PCTINCREASE 0 FREELISTS 1 FREELIST GROUPS 1 BUFFER_POOL DEFAULT FLASH_CACHE DEFAULT CELL_FLASH_CACHE DEFAULT)
  TABLESPACE "USERS" ;
--------------------------------------------------------
--  DDL for Table REVIEWLIKE
--------------------------------------------------------

  CREATE TABLE "TRAVELMAKER"."REVIEWLIKE" 
   (	"USER_ID" VARCHAR2(50 BYTE), 
	"SC_NUM" VARCHAR2(50 BYTE)
   ) SEGMENT CREATION IMMEDIATE 
  PCTFREE 10 PCTUSED 40 INITRANS 1 MAXTRANS 255 NOCOMPRESS LOGGING
  STORAGE(INITIAL 65536 NEXT 1048576 MINEXTENTS 1 MAXEXTENTS 2147483645
  PCTINCREASE 0 FREELISTS 1 FREELIST GROUPS 1 BUFFER_POOL DEFAULT FLASH_CACHE DEFAULT CELL_FLASH_CACHE DEFAULT)
  TABLESPACE "USERS" ;
--------------------------------------------------------
--  DDL for Table REVIEWREPLY
--------------------------------------------------------

  CREATE TABLE "TRAVELMAKER"."REVIEWREPLY" 
   (	"REVIEWREPLY_NUM" VARCHAR2(50 BYTE), 
	"USER_ID" VARCHAR2(50 BYTE), 
	"SC_NUM" VARCHAR2(50 BYTE), 
	"WRITE_DATE" VARCHAR2(50 BYTE), 
	"REPLY" VARCHAR2(50 BYTE)
   ) SEGMENT CREATION IMMEDIATE 
  PCTFREE 10 PCTUSED 40 INITRANS 1 MAXTRANS 255 NOCOMPRESS LOGGING
  STORAGE(INITIAL 65536 NEXT 1048576 MINEXTENTS 1 MAXEXTENTS 2147483645
  PCTINCREASE 0 FREELISTS 1 FREELIST GROUPS 1 BUFFER_POOL DEFAULT FLASH_CACHE DEFAULT CELL_FLASH_CACHE DEFAULT)
  TABLESPACE "USERS" ;
--------------------------------------------------------
--  DDL for Table STEMP
--------------------------------------------------------

  CREATE TABLE "TRAVELMAKER"."STEMP" 
   (	"STEMP_NUM" VARCHAR2(50 BYTE), 
	"PARSTEMP_NUM" VARCHAR2(50 BYTE), 
	"USER_ID" VARCHAR2(50 BYTE), 
	"STEMP_DATE" DATE
   ) SEGMENT CREATION IMMEDIATE 
  PCTFREE 10 PCTUSED 40 INITRANS 1 MAXTRANS 255 NOCOMPRESS LOGGING
  STORAGE(INITIAL 65536 NEXT 1048576 MINEXTENTS 1 MAXEXTENTS 2147483645
  PCTINCREASE 0 FREELISTS 1 FREELIST GROUPS 1 BUFFER_POOL DEFAULT FLASH_CACHE DEFAULT CELL_FLASH_CACHE DEFAULT)
  TABLESPACE "USERS" ;
--------------------------------------------------------
--  DDL for Table TOTALRE
--------------------------------------------------------

  CREATE TABLE "TRAVELMAKER"."TOTALRE" 
   (	"TOTALRE_NUM" VARCHAR2(50 BYTE), 
	"USER_ID" VARCHAR2(50 BYTE), 
	"SC_NUM" VARCHAR2(50 BYTE), 
	"TOTALRE_TITLE" VARCHAR2(50 BYTE), 
	"TOTALRE_CONTENT" VARCHAR2(1024 BYTE), 
	"TOTALRE_PHOTO4" VARCHAR2(50 BYTE), 
	"TOTALRE_PHOTO4FAKE" VARCHAR2(500 BYTE), 
	"TOTALRE_PHOTO3" VARCHAR2(50 BYTE), 
	"TOTALRE_PHOTO3FAKE" VARCHAR2(500 BYTE), 
	"TOTALRE_PHOTO2" VARCHAR2(50 BYTE), 
	"TOTALRE_PHOTO2FAKE" VARCHAR2(500 BYTE), 
	"TOTALRE_PHOTO1" VARCHAR2(50 BYTE), 
	"TOTALRE_PHOTO1FAKE" VARCHAR2(500 BYTE), 
	"TOTALRE_LIKECOUNT" VARCHAR2(50 BYTE)
   ) SEGMENT CREATION IMMEDIATE 
  PCTFREE 10 PCTUSED 40 INITRANS 1 MAXTRANS 255 NOCOMPRESS LOGGING
  STORAGE(INITIAL 65536 NEXT 1048576 MINEXTENTS 1 MAXEXTENTS 2147483645
  PCTINCREASE 0 FREELISTS 1 FREELIST GROUPS 1 BUFFER_POOL DEFAULT FLASH_CACHE DEFAULT CELL_FLASH_CACHE DEFAULT)
  TABLESPACE "USERS" ;
REM INSERTING into TRAVELMAKER.ADVERTISEMENT
SET DEFINE OFF;
Insert into TRAVELMAKER.ADVERTISEMENT (AD_NUM,PARTNER_NUM,AD_TITLE,AD_PHOTO,AD_PHOTOFAKE,AD_CHECK,AD_STDATE,AD_EDDATE) values ('ad00000102','par00000102','라섹','라섹.png','c4d4ddba-d3bf-4adb-b021-c0b3976b97b2라섹.png',20,to_date('17/07/12','RR/MM/DD'),to_date('17/08/12','RR/MM/DD'));
Insert into TRAVELMAKER.ADVERTISEMENT (AD_NUM,PARTNER_NUM,AD_TITLE,AD_PHOTO,AD_PHOTOFAKE,AD_CHECK,AD_STDATE,AD_EDDATE) values ('ad00000104','par00000181','도희네 투어','투어.png','ec765986-e599-480b-9642-9d66c5d59caf투어.png',20,to_date('17/07/09','RR/MM/DD'),to_date('17/11/11','RR/MM/DD'));
Insert into TRAVELMAKER.ADVERTISEMENT (AD_NUM,PARTNER_NUM,AD_TITLE,AD_PHOTO,AD_PHOTOFAKE,AD_CHECK,AD_STDATE,AD_EDDATE) values ('ad00000103','par00000062','삼성카드','상성카드.png','dd18f22e-f96f-4caa-9509-82d336d27f84상성카드.png',10,to_date('17/10/04','RR/MM/DD'),to_date('17/12/03','RR/MM/DD'));
Insert into TRAVELMAKER.ADVERTISEMENT (AD_NUM,PARTNER_NUM,AD_TITLE,AD_PHOTO,AD_PHOTOFAKE,AD_CHECK,AD_STDATE,AD_EDDATE) values ('ad00000105','par00000161','영어 ','화상영어.png','250a707d-71ab-41ad-885e-024eb5b731c0화상영어.png',10,to_date('17/06/01','RR/MM/DD'),to_date('17/09/01','RR/MM/DD'));
Insert into TRAVELMAKER.ADVERTISEMENT (AD_NUM,PARTNER_NUM,AD_TITLE,AD_PHOTO,AD_PHOTOFAKE,AD_CHECK,AD_STDATE,AD_EDDATE) values ('ad00000106','par00000061','잘풀리네!','크리넥스.png','8fc8b317-3969-43a9-908b-05367d59a8e7크리넥스.png',20,to_date('17/10/05','RR/MM/DD'),to_date('20/03/12','RR/MM/DD'));
Insert into TRAVELMAKER.ADVERTISEMENT (AD_NUM,PARTNER_NUM,AD_TITLE,AD_PHOTO,AD_PHOTOFAKE,AD_CHECK,AD_STDATE,AD_EDDATE) values ('ad00000107','par00000064','공무원 시험 합격 에듀윌','에듀.png','7499395d-c8f4-4571-bd9e-2b7ad7075d9e에듀.png',20,to_date('17/07/05','RR/MM/DD'),to_date('17/12/04','RR/MM/DD'));
Insert into TRAVELMAKER.ADVERTISEMENT (AD_NUM,PARTNER_NUM,AD_TITLE,AD_PHOTO,AD_PHOTOFAKE,AD_CHECK,AD_STDATE,AD_EDDATE) values ('ad00000101','par00000064','동부화제','동부.png','2dc7d99b-ffe2-4484-81ab-c2473cc4761f동부.png',10,to_date('17/07/17','RR/MM/DD'),to_date('17/10/11','RR/MM/DD'));
Insert into TRAVELMAKER.ADVERTISEMENT (AD_NUM,PARTNER_NUM,AD_TITLE,AD_PHOTO,AD_PHOTOFAKE,AD_CHECK,AD_STDATE,AD_EDDATE) values ('ad00000108','par00000221','어휴','광고.png','54c8c123-f82f-439e-9c2e-a2276cca8210광고.png',0,to_date('17/08/01','RR/MM/DD'),to_date('17/09/05','RR/MM/DD'));
REM INSERTING into TRAVELMAKER.HASHTAG
SET DEFINE OFF;
Insert into TRAVELMAKER.HASHTAG (SC_NUM,HASHTAG) values ('S20170710112613810','하하하하');
Insert into TRAVELMAKER.HASHTAG (SC_NUM,HASHTAG) values ('S20170710112613810','아 신난다');
Insert into TRAVELMAKER.HASHTAG (SC_NUM,HASHTAG) values ('S20170710112613810','이런');
Insert into TRAVELMAKER.HASHTAG (SC_NUM,HASHTAG) values ('S20170710112613810','젠장');
Insert into TRAVELMAKER.HASHTAG (SC_NUM,HASHTAG) values ('S20170711225519202','바보야');
Insert into TRAVELMAKER.HASHTAG (SC_NUM,HASHTAG) values ('S20170711225519202','이도히');
Insert into TRAVELMAKER.HASHTAG (SC_NUM,HASHTAG) values ('S20170711225519202','빨리와');
Insert into TRAVELMAKER.HASHTAG (SC_NUM,HASHTAG) values ('S2017071291018983','산');
Insert into TRAVELMAKER.HASHTAG (SC_NUM,HASHTAG) values ('S2017071291018983','바다');
Insert into TRAVELMAKER.HASHTAG (SC_NUM,HASHTAG) values ('S2017071291018983','만리장성');
Insert into TRAVELMAKER.HASHTAG (SC_NUM,HASHTAG) values ('S2017071291018983','성공적');
REM INSERTING into TRAVELMAKER.LIKELOC
SET DEFINE OFF;
Insert into TRAVELMAKER.LIKELOC (LIKELOC_NUM,USER_ID,LIKELOC_NAME) values ('loc00000039','doohee94','제주');
REM INSERTING into TRAVELMAKER.LIKESPOT
SET DEFINE OFF;
Insert into TRAVELMAKER.LIKESPOT (LIKESPOT_NUM,USER_ID,LIKESPOT_NAME,LIKESPOT_REASON) values ('29','sadviolet89','2028440','false');
Insert into TRAVELMAKER.LIKESPOT (LIKESPOT_NUM,USER_ID,LIKESPOT_NAME,LIKESPOT_REASON) values ('31','sadviolet89','642353','false');
Insert into TRAVELMAKER.LIKESPOT (LIKESPOT_NUM,USER_ID,LIKESPOT_NAME,LIKESPOT_REASON) values ('30','sadviolet89','127641','false');
Insert into TRAVELMAKER.LIKESPOT (LIKESPOT_NUM,USER_ID,LIKESPOT_NAME,LIKESPOT_REASON) values ('32','sadviolet89','129596','false');
Insert into TRAVELMAKER.LIKESPOT (LIKESPOT_NUM,USER_ID,LIKESPOT_NAME,LIKESPOT_REASON) values ('33','sadviolet89','264284','false');
Insert into TRAVELMAKER.LIKESPOT (LIKESPOT_NUM,USER_ID,LIKESPOT_NAME,LIKESPOT_REASON) values ('34','sadviolet89','125801','false');
Insert into TRAVELMAKER.LIKESPOT (LIKESPOT_NUM,USER_ID,LIKESPOT_NAME,LIKESPOT_REASON) values ('35','sadviolet89','142080','false');
Insert into TRAVELMAKER.LIKESPOT (LIKESPOT_NUM,USER_ID,LIKESPOT_NAME,LIKESPOT_REASON) values ('36','sadviolet89','131940','false');
Insert into TRAVELMAKER.LIKESPOT (LIKESPOT_NUM,USER_ID,LIKESPOT_NAME,LIKESPOT_REASON) values ('37','sadviolet89','1060192','false');
Insert into TRAVELMAKER.LIKESPOT (LIKESPOT_NUM,USER_ID,LIKESPOT_NAME,LIKESPOT_REASON) values ('38','sadviolet89','129739','false');
Insert into TRAVELMAKER.LIKESPOT (LIKESPOT_NUM,USER_ID,LIKESPOT_NAME,LIKESPOT_REASON) values ('39','sadviolet89','2033064','false');
Insert into TRAVELMAKER.LIKESPOT (LIKESPOT_NUM,USER_ID,LIKESPOT_NAME,LIKESPOT_REASON) values ('40','sadviolet89','131520','false');
Insert into TRAVELMAKER.LIKESPOT (LIKESPOT_NUM,USER_ID,LIKESPOT_NAME,LIKESPOT_REASON) values ('21','doohee94','631268','false');
Insert into TRAVELMAKER.LIKESPOT (LIKESPOT_NUM,USER_ID,LIKESPOT_NAME,LIKESPOT_REASON) values ('22','doohee94','2028440','false');
Insert into TRAVELMAKER.LIKESPOT (LIKESPOT_NUM,USER_ID,LIKESPOT_NAME,LIKESPOT_REASON) values ('24','doohee94','1095732','false');
Insert into TRAVELMAKER.LIKESPOT (LIKESPOT_NUM,USER_ID,LIKESPOT_NAME,LIKESPOT_REASON) values ('27','sadviolet89','1095732','false');
REM INSERTING into TRAVELMAKER.MEMBER
SET DEFINE OFF;
Insert into TRAVELMAKER.MEMBER (USER_ID,USER_PW,USER_NICK,USER_NAME,USER_ADDR,USER_TEL,USER_TYPE,USER_DATE,USER_EMAIL) values ('doohee94','1234','천사도히','이도희','부산광역시부산진구','010-1234-1235',10,to_date('17/06/28','RR/MM/DD'),'doohee94@naver.com');
Insert into TRAVELMAKER.MEMBER (USER_ID,USER_PW,USER_NICK,USER_NAME,USER_ADDR,USER_TEL,USER_TYPE,USER_DATE,USER_EMAIL) values ('test1','1234','test1','이도희','경상남도 남해군','010-1234-1234',20,to_date('17/07/03','RR/MM/DD'),'doohee94@naver.com1');
Insert into TRAVELMAKER.MEMBER (USER_ID,USER_PW,USER_NICK,USER_NAME,USER_ADDR,USER_TEL,USER_TYPE,USER_DATE,USER_EMAIL) values ('test2222342','ddddddd1','테스트22','테스트','경상남도 합천군','010-1234-5678',10,to_date('17/07/11','RR/MM/DD'),'ekjvlkje@naver.com');
Insert into TRAVELMAKER.MEMBER (USER_ID,USER_PW,USER_NICK,USER_NAME,USER_ADDR,USER_TEL,USER_TYPE,USER_DATE,USER_EMAIL) values ('test222234222','ddddd11','요지경','요지경','경상남도 거창군','010-1897-1658',10,to_date('17/07/11','RR/MM/DD'),'ekjvlkje3223@naver.com');
Insert into TRAVELMAKER.MEMBER (USER_ID,USER_PW,USER_NICK,USER_NAME,USER_ADDR,USER_TEL,USER_TYPE,USER_DATE,USER_EMAIL) values ('test22223432','qweqwe1','테스트2222','테스트','경상남도 거창군','010-1897-1658',10,to_date('17/07/11','RR/MM/DD'),'ekjvlkje33@naver.com');
Insert into TRAVELMAKER.MEMBER (USER_ID,USER_PW,USER_NICK,USER_NAME,USER_ADDR,USER_TEL,USER_TYPE,USER_DATE,USER_EMAIL) values ('admin','1234','관리자','관리자','관리동','010-0000-0000',30,to_date('07/03/02','RR/MM/DD'),'admin@admin.com');
Insert into TRAVELMAKER.MEMBER (USER_ID,USER_PW,USER_NICK,USER_NAME,USER_ADDR,USER_TEL,USER_TYPE,USER_DATE,USER_EMAIL) values ('member','1234','길동이','홍길동','서울시 종로구','010-1234-5678',10,to_date('17/01/20','RR/MM/DD'),'kht518@hanmail.net');
Insert into TRAVELMAKER.MEMBER (USER_ID,USER_PW,USER_NICK,USER_NAME,USER_ADDR,USER_TEL,USER_TYPE,USER_DATE,USER_EMAIL) values ('test4','2ehgmldlqslek!','천사도히히','이도희','부산광역시 영동구','010-1234-1234',10,to_date('17/07/04','RR/MM/DD'),'doohee94@naver.com1');
Insert into TRAVELMAKER.MEMBER (USER_ID,USER_PW,USER_NICK,USER_NAME,USER_ADDR,USER_TEL,USER_TYPE,USER_DATE,USER_EMAIL) values ('kht518','1234','아타','김현태','전라북도 진안군','010-0000-0000',10,to_date('17/07/04','RR/MM/DD'),'kht518@naver.com');
Insert into TRAVELMAKER.MEMBER (USER_ID,USER_PW,USER_NICK,USER_NAME,USER_ADDR,USER_TEL,USER_TYPE,USER_DATE,USER_EMAIL) values ('member11111','qqqqqqq1','테스트22','홀길동','시,도default','010-1234-5678',10,to_date('17/07/10','RR/MM/DD'),'ekjvlkje@naver.com');
Insert into TRAVELMAKER.MEMBER (USER_ID,USER_PW,USER_NICK,USER_NAME,USER_ADDR,USER_TEL,USER_TYPE,USER_DATE,USER_EMAIL) values ('sadviolet89','1q2w3e4r','효랭이','박효원','경기도 광명시','010-111-1111',10,to_date('17/07/11','RR/MM/DD'),'sadviolet89@gmail.com');
Insert into TRAVELMAKER.MEMBER (USER_ID,USER_PW,USER_NICK,USER_NAME,USER_ADDR,USER_TEL,USER_TYPE,USER_DATE,USER_EMAIL) values ('dpdms403','Kkk111','예니','예은','경기도 부천시','010-4321-8109',10,to_date('17/07/11','RR/MM/DD'),'dpdms403@naver.com');
Insert into TRAVELMAKER.MEMBER (USER_ID,USER_PW,USER_NICK,USER_NAME,USER_ADDR,USER_TEL,USER_TYPE,USER_DATE,USER_EMAIL) values ('jimin','wlalsdl1','지민','유지민','서울특별시 종로구','010-3835-7985',10,to_date('17/07/06','RR/MM/DD'),'lovewndn@naver.com');
Insert into TRAVELMAKER.MEMBER (USER_ID,USER_PW,USER_NICK,USER_NAME,USER_ADDR,USER_TEL,USER_TYPE,USER_DATE,USER_EMAIL) values ('taronkim','taronkim','김','김','광주광역시 서구','010-1234-1234',10,to_date('17/07/11','RR/MM/DD'),'sangjun0131@naver.com');
Insert into TRAVELMAKER.MEMBER (USER_ID,USER_PW,USER_NICK,USER_NAME,USER_ADDR,USER_TEL,USER_TYPE,USER_DATE,USER_EMAIL) values ('test','1234','효랭','박효원','경기도 광명시','010-1234-1234',20,to_date('17/07/12','RR/MM/DD'),'sadviolet89@gmail.com');
REM INSERTING into TRAVELMAKER.PARSTEMP
SET DEFINE OFF;
Insert into TRAVELMAKER.PARSTEMP (PARSTEMP_NUM,PARTNER_NUM,PARTNER_NAME,PARTNER_ADDR,PARSTEMP_QRCODEIMG) values ('st00000064','par00000181','도희네 서초점','서울특별시 서초구 서초1동 1745-9','st00000064.png');
Insert into TRAVELMAKER.PARSTEMP (PARSTEMP_NUM,PARTNER_NUM,PARTNER_NAME,PARTNER_ADDR,PARSTEMP_QRCODEIMG) values ('st00000063','par00000181','도희네 화곡점','서울특별시 강서구 화곡동 877-6','st00000063.png');
Insert into TRAVELMAKER.PARSTEMP (PARSTEMP_NUM,PARTNER_NUM,PARTNER_NAME,PARTNER_ADDR,PARSTEMP_QRCODEIMG) values ('st00000065','par00000161','판교점','경기도 성남시 분당구 삼평동 135-3','st00000065.png');
Insert into TRAVELMAKER.PARSTEMP (PARSTEMP_NUM,PARTNER_NUM,PARTNER_NAME,PARTNER_ADDR,PARSTEMP_QRCODEIMG) values ('st00000066','par00000064','화를다스린 평창점','강원도 평창군 대화면 하안미리 1642-3','st00000066.png');
Insert into TRAVELMAKER.PARSTEMP (PARSTEMP_NUM,PARTNER_NUM,PARTNER_NAME,PARTNER_ADDR,PARSTEMP_QRCODEIMG) values ('st00000067','par00000181','도희네 포켓몬 마스터점','강원도 속초시 중앙로55번길 13','st00000067.png');
Insert into TRAVELMAKER.PARSTEMP (PARSTEMP_NUM,PARTNER_NUM,PARTNER_NAME,PARTNER_ADDR,PARSTEMP_QRCODEIMG) values ('st00000068','par00000102','아타네 전주점','전라북도 전주시 덕진구 용산1길 6-2','st00000068.png');
Insert into TRAVELMAKER.PARSTEMP (PARSTEMP_NUM,PARTNER_NUM,PARTNER_NAME,PARTNER_ADDR,PARSTEMP_QRCODEIMG) values ('st00000069','par00000201','도희네 밀양섬 지점','경상남도 밀양시 삼문동 123-14','st00000069.png');
Insert into TRAVELMAKER.PARSTEMP (PARSTEMP_NUM,PARTNER_NUM,PARTNER_NAME,PARTNER_ADDR,PARSTEMP_QRCODEIMG) values ('st00000070','par00000062','눈치보는 포항지점','경상북도 포항시 북구 장량동 1431-3','st00000070.png');
Insert into TRAVELMAKER.PARSTEMP (PARSTEMP_NUM,PARTNER_NUM,PARTNER_NAME,PARTNER_ADDR,PARSTEMP_QRCODEIMG) values ('st00000071','par00000042','짜릿한 대전점','대전광역시 중구 중앙로59번길 64','st00000071.png');
Insert into TRAVELMAKER.PARSTEMP (PARSTEMP_NUM,PARTNER_NUM,PARTNER_NAME,PARTNER_ADDR,PARSTEMP_QRCODEIMG) values ('st00000072','par00000201','도희네  증평점','충청북도 증평군 증평읍 신동리 83','st00000072.png');
Insert into TRAVELMAKER.PARSTEMP (PARSTEMP_NUM,PARTNER_NUM,PARTNER_NAME,PARTNER_ADDR,PARSTEMP_QRCODEIMG) values ('st00000073','par00000161','찬종이가 기다려 지점','전라남도 여수시 봉산동 100-30','st00000073.png');
Insert into TRAVELMAKER.PARSTEMP (PARSTEMP_NUM,PARTNER_NUM,PARTNER_NAME,PARTNER_ADDR,PARSTEMP_QRCODEIMG) values ('st00000074','par00000201','도희네 부산아닌교점','부산광역시 동구 중앙대로180번길 7','st00000074.png');
Insert into TRAVELMAKER.PARSTEMP (PARSTEMP_NUM,PARTNER_NUM,PARTNER_NAME,PARTNER_ADDR,PARSTEMP_QRCODEIMG) values ('st00000075','par00000062','눈치보며 호수구경점','충청남도 서산시 읍내동 31-30','st00000075.png');
Insert into TRAVELMAKER.PARSTEMP (PARSTEMP_NUM,PARTNER_NUM,PARTNER_NAME,PARTNER_ADDR,PARSTEMP_QRCODEIMG) values ('st00000076','par00000181','도희네 한우는 최고 지점','강원도 횡성군 횡성읍 읍상리 599','st00000076.png');
Insert into TRAVELMAKER.PARSTEMP (PARSTEMP_NUM,PARTNER_NUM,PARTNER_NAME,PARTNER_ADDR,PARSTEMP_QRCODEIMG) values ('st00000081','par00000225','장비네 연수점','인천광역시 연수구 연수1동 569-2','st00000081.png');
Insert into TRAVELMAKER.PARSTEMP (PARSTEMP_NUM,PARTNER_NUM,PARTNER_NAME,PARTNER_ADDR,PARSTEMP_QRCODEIMG) values ('st00000082','par00000225','장비네 연수점','인천광역시 연수구 연수1동 569-2','st00000082.png');
Insert into TRAVELMAKER.PARSTEMP (PARSTEMP_NUM,PARTNER_NUM,PARTNER_NAME,PARTNER_ADDR,PARSTEMP_QRCODEIMG) values ('st00000044','par00000201','천사도히점','인천광역시 남동구 석정로540-6 301호','st00000044.png');
Insert into TRAVELMAKER.PARSTEMP (PARSTEMP_NUM,PARTNER_NUM,PARTNER_NAME,PARTNER_ADDR,PARSTEMP_QRCODEIMG) values ('st00000062','par00000064','1번 스탬프','서울특별시 관악구 대학동 231-31','st00000062.png');
Insert into TRAVELMAKER.PARSTEMP (PARSTEMP_NUM,PARTNER_NUM,PARTNER_NAME,PARTNER_ADDR,PARSTEMP_QRCODEIMG) values ('st00000079','par00000102','아타네 청주지점','충청북도 청주시 상당구 서문동 27-2','st00000079.png');
Insert into TRAVELMAKER.PARSTEMP (PARSTEMP_NUM,PARTNER_NUM,PARTNER_NAME,PARTNER_ADDR,PARSTEMP_QRCODEIMG) values ('st00000061','par00000221','인천 경동점','인천 남동구 간석4동','st00000061.png');
Insert into TRAVELMAKER.PARSTEMP (PARSTEMP_NUM,PARTNER_NUM,PARTNER_NAME,PARTNER_ADDR,PARSTEMP_QRCODEIMG) values ('st00000021','par00000181','인천 경동점','동인천','st00000021.png');
Insert into TRAVELMAKER.PARSTEMP (PARSTEMP_NUM,PARTNER_NUM,PARTNER_NAME,PARTNER_ADDR,PARSTEMP_QRCODEIMG) values ('st00000077','par00000225','인천 경동점','인천 중구','st00000077.png');
Insert into TRAVELMAKER.PARSTEMP (PARSTEMP_NUM,PARTNER_NUM,PARTNER_NAME,PARTNER_ADDR,PARSTEMP_QRCODEIMG) values ('st00000001','par00000062','테스트테스트','충북 청주시 청원구 우암동','st00000001.png');
Insert into TRAVELMAKER.PARSTEMP (PARSTEMP_NUM,PARTNER_NUM,PARTNER_NAME,PARTNER_ADDR,PARSTEMP_QRCODEIMG) values ('st00000002','par00000042','승인 테스트','충북 청주시 ','st00000002.png');
Insert into TRAVELMAKER.PARSTEMP (PARSTEMP_NUM,PARTNER_NUM,PARTNER_NAME,PARTNER_ADDR,PARSTEMP_QRCODEIMG) values ('st00000078','par00000223','스탬프등록지점','코스타시 코스타구 ','st00000078.png');
REM INSERTING into TRAVELMAKER.PARTNER
SET DEFINE OFF;
Insert into TRAVELMAKER.PARTNER (PARTNER_NUM,PARTNER_REGINUM,PARTNER_COMNAME,PARTNER_PHOTO,PARTNER_PHOTOFAKE,PARTNER_CEONAME,PARTNER_EMAIL,PARTNER_TEL,PARTNER_CONTENT,PARTNER_DATE,PARTNER_STATE,PARTNER_TYPE) values ('par00000222','154-86-32692','뒤에서보고있다','num01.gif','6883c5f1-3950-4485-a5b0-25d52513ccdcnum01.gif','도찰자','showfind@gogo.com','02-1548-5448','제휴 신청 합니다
저희 회사는 어쩌고 저쩌고
암튼 좋은 결과 바랍니다',to_date('17/07/12','RR/MM/DD'),20,10);
Insert into TRAVELMAKER.PARTNER (PARTNER_NUM,PARTNER_REGINUM,PARTNER_COMNAME,PARTNER_PHOTO,PARTNER_PHOTOFAKE,PARTNER_CEONAME,PARTNER_EMAIL,PARTNER_TEL,PARTNER_CONTENT,PARTNER_DATE,PARTNER_STATE,PARTNER_TYPE) values ('par00000161','111-11-11111','KOSTA','num01.gif','62150906-7cbe-4eff-bf58-84c84f0a0b23num01.gif','KOSTA','00000@00000.com','010-0101-1111','asd',to_date('17/07/05','RR/MM/DD'),20,40);
Insert into TRAVELMAKER.PARTNER (PARTNER_NUM,PARTNER_REGINUM,PARTNER_COMNAME,PARTNER_PHOTO,PARTNER_PHOTOFAKE,PARTNER_CEONAME,PARTNER_EMAIL,PARTNER_TEL,PARTNER_CONTENT,PARTNER_DATE,PARTNER_STATE,PARTNER_TYPE) values ('par00000223','151-25-48952','송주식회사','num01.gif','31c0c1e5-40a2-4188-bd64-cf058637822enum01.gif','송누구','asdni@asdni.com','010-1548-1124','제휴 신청합니다',to_date('17/07/12','RR/MM/DD'),20,30);
Insert into TRAVELMAKER.PARTNER (PARTNER_NUM,PARTNER_REGINUM,PARTNER_COMNAME,PARTNER_PHOTO,PARTNER_PHOTOFAKE,PARTNER_CEONAME,PARTNER_EMAIL,PARTNER_TEL,PARTNER_CONTENT,PARTNER_DATE,PARTNER_STATE,PARTNER_TYPE) values ('par00000102','111-11-11111','아타주식회사','num01.gif','8d20f82c-0424-4c11-88c2-e04980df74efnum01.gif','아타','00000@00000.com','010-0101-1111','테스트 입력',to_date('17/06/30','RR/MM/DD'),20,40);
Insert into TRAVELMAKER.PARTNER (PARTNER_NUM,PARTNER_REGINUM,PARTNER_COMNAME,PARTNER_PHOTO,PARTNER_PHOTOFAKE,PARTNER_CEONAME,PARTNER_EMAIL,PARTNER_TEL,PARTNER_CONTENT,PARTNER_DATE,PARTNER_STATE,PARTNER_TYPE) values ('par00000201','222-22-22222','천사도히회사','image.png','3f00c2ac-c789-447b-9870-841a00a51831image.png','천사도히','doohee94@naver.com','010-1234-1234','저기.. 문의....합..ㅣ...다...',to_date('17/07/10','RR/MM/DD'),20,30);
Insert into TRAVELMAKER.PARTNER (PARTNER_NUM,PARTNER_REGINUM,PARTNER_COMNAME,PARTNER_PHOTO,PARTNER_PHOTOFAKE,PARTNER_CEONAME,PARTNER_EMAIL,PARTNER_TEL,PARTNER_CONTENT,PARTNER_DATE,PARTNER_STATE,PARTNER_TYPE) values ('par00000221','111-11-11111','천사도히네2','people.png','b79867f3-6a19-4c0d-b57a-60737385dc29people.png','천사도히','doohee94@naver.com','010-1234-1234','문의합니다',to_date('17/07/11','RR/MM/DD'),20,20);
Insert into TRAVELMAKER.PARTNER (PARTNER_NUM,PARTNER_REGINUM,PARTNER_COMNAME,PARTNER_PHOTO,PARTNER_PHOTOFAKE,PARTNER_CEONAME,PARTNER_EMAIL,PARTNER_TEL,PARTNER_CONTENT,PARTNER_DATE,PARTNER_STATE,PARTNER_TYPE) values ('par00000062','111-11-11111','눈치밥회사','num01.gif','6182bd72-41a9-4f13-bfd3-387a3c4016banum01.gif','사무일','00000@00000.com','010-0101-0000','문의',to_date('17/06/27','RR/MM/DD'),20,40);
Insert into TRAVELMAKER.PARTNER (PARTNER_NUM,PARTNER_REGINUM,PARTNER_COMNAME,PARTNER_PHOTO,PARTNER_PHOTOFAKE,PARTNER_CEONAME,PARTNER_EMAIL,PARTNER_TEL,PARTNER_CONTENT,PARTNER_DATE,PARTNER_STATE,PARTNER_TYPE) values ('par00000021','000-00-00000','테스트회사','num01.gif','ddc6824f-8316-41ec-be53-7f391a6ee014num01.gif','테스트','00000@00000.com','000-0000-0000','테스트 회사',to_date('17/06/23','RR/MM/DD'),20,20);
Insert into TRAVELMAKER.PARTNER (PARTNER_NUM,PARTNER_REGINUM,PARTNER_COMNAME,PARTNER_PHOTO,PARTNER_PHOTOFAKE,PARTNER_CEONAME,PARTNER_EMAIL,PARTNER_TEL,PARTNER_CONTENT,PARTNER_DATE,PARTNER_STATE,PARTNER_TYPE) values ('par00000064','123-45-67890','화참자','num01.gif','738c94ff-afda-4617-a576-02e776b93539num01.gif','고난자','00000@00000.com','010-0101-1111','asd',to_date('17/06/27','RR/MM/DD'),20,40);
Insert into TRAVELMAKER.PARTNER (PARTNER_NUM,PARTNER_REGINUM,PARTNER_COMNAME,PARTNER_PHOTO,PARTNER_PHOTOFAKE,PARTNER_CEONAME,PARTNER_EMAIL,PARTNER_TEL,PARTNER_CONTENT,PARTNER_DATE,PARTNER_STATE,PARTNER_TYPE) values ('par00000181','111-11-111111','천사도히와친구들','ddd.PNG','cc7d08e9-4610-40a0-a136-0fc267cc4ddfddd.PNG','이도희','doohee94@naver.com','010-1111-1111','저기.. 문의.. 합니다... 연락..주세요....',to_date('17/07/06','RR/MM/DD'),20,40);
Insert into TRAVELMAKER.PARTNER (PARTNER_NUM,PARTNER_REGINUM,PARTNER_COMNAME,PARTNER_PHOTO,PARTNER_PHOTOFAKE,PARTNER_CEONAME,PARTNER_EMAIL,PARTNER_TEL,PARTNER_CONTENT,PARTNER_DATE,PARTNER_STATE,PARTNER_TYPE) values ('par00000225','111-11-11111','장비네','사업자등록증.gif','47df596c-f8a1-479c-9734-6afe4d343cab사업자등록증.gif','방민주','maro42@naver.com','010-8888-8888','문의합니다',to_date('17/07/12','RR/MM/DD'),20,30);
Insert into TRAVELMAKER.PARTNER (PARTNER_NUM,PARTNER_REGINUM,PARTNER_COMNAME,PARTNER_PHOTO,PARTNER_PHOTOFAKE,PARTNER_CEONAME,PARTNER_EMAIL,PARTNER_TEL,PARTNER_CONTENT,PARTNER_DATE,PARTNER_STATE,PARTNER_TYPE) values ('par00000042','111-11-11111','늘짜릿회사','num01.gif','dce5c53a-3b7e-43ab-8db5-d40359cef8f4num01.gif','정우성','asd@asd.com','010-0101-1111','문의',to_date('17/06/26','RR/MM/DD'),20,30);
Insert into TRAVELMAKER.PARTNER (PARTNER_NUM,PARTNER_REGINUM,PARTNER_COMNAME,PARTNER_PHOTO,PARTNER_PHOTOFAKE,PARTNER_CEONAME,PARTNER_EMAIL,PARTNER_TEL,PARTNER_CONTENT,PARTNER_DATE,PARTNER_STATE,PARTNER_TYPE) values ('par00000061','111-11-11111','풀린다','num01.gif','69691e77-b1f3-48c7-ac7c-6912418ca8e2num01.gif','화장지','00000@00000.com','010-0101-1111','asd',to_date('17/06/27','RR/MM/DD'),20,20);
REM INSERTING into TRAVELMAKER.QNA
SET DEFINE OFF;
Insert into TRAVELMAKER.QNA (QNA_NUM,USER_ID,QNA_DATE,QNA_TYPE,QNA_CONTENT,QNA_REPLY) values ('qna00000066','test',to_date('17/07/11','RR/MM/DD'),'문의','qna test13','테스트');
Insert into TRAVELMAKER.QNA (QNA_NUM,USER_ID,QNA_DATE,QNA_TYPE,QNA_CONTENT,QNA_REPLY) values ('qna00000064','test',to_date('17/07/11','RR/MM/DD'),'문의','qna test12','우앙');
Insert into TRAVELMAKER.QNA (QNA_NUM,USER_ID,QNA_DATE,QNA_TYPE,QNA_CONTENT,QNA_REPLY) values ('qna00000065','test',to_date('17/07/11','RR/MM/DD'),'문의','qna test11','정말');
Insert into TRAVELMAKER.QNA (QNA_NUM,USER_ID,QNA_DATE,QNA_TYPE,QNA_CONTENT,QNA_REPLY) values ('qna00000067','test',to_date('17/07/11','RR/MM/DD'),'문의','qna test10','답변');
Insert into TRAVELMAKER.QNA (QNA_NUM,USER_ID,QNA_DATE,QNA_TYPE,QNA_CONTENT,QNA_REPLY) values ('qna00000068','test',to_date('17/07/11','RR/MM/DD'),'문의','qna test9','되네');
Insert into TRAVELMAKER.QNA (QNA_NUM,USER_ID,QNA_DATE,QNA_TYPE,QNA_CONTENT,QNA_REPLY) values ('qna00000069','test',to_date('17/07/11','RR/MM/DD'),'문의','qna test8','신기');
Insert into TRAVELMAKER.QNA (QNA_NUM,USER_ID,QNA_DATE,QNA_TYPE,QNA_CONTENT,QNA_REPLY) values ('qna00000070','test',to_date('17/07/11','RR/MM/DD'),'신고','qna test7',null);
Insert into TRAVELMAKER.QNA (QNA_NUM,USER_ID,QNA_DATE,QNA_TYPE,QNA_CONTENT,QNA_REPLY) values ('qna00000071','test',to_date('17/07/11','RR/MM/DD'),'신고','qna test6','방기');
Insert into TRAVELMAKER.QNA (QNA_NUM,USER_ID,QNA_DATE,QNA_TYPE,QNA_CONTENT,QNA_REPLY) values ('qna00000072','test',to_date('17/07/11','RR/MM/DD'),'문의','qna test5',null);
Insert into TRAVELMAKER.QNA (QNA_NUM,USER_ID,QNA_DATE,QNA_TYPE,QNA_CONTENT,QNA_REPLY) values ('qna00000073','test',to_date('17/07/11','RR/MM/DD'),'신고','qna test4',null);
Insert into TRAVELMAKER.QNA (QNA_NUM,USER_ID,QNA_DATE,QNA_TYPE,QNA_CONTENT,QNA_REPLY) values ('qna00000074','test',to_date('17/07/11','RR/MM/DD'),'문의','qna test3','하당');
Insert into TRAVELMAKER.QNA (QNA_NUM,USER_ID,QNA_DATE,QNA_TYPE,QNA_CONTENT,QNA_REPLY) values ('qna00000075','test',to_date('17/07/11','RR/MM/DD'),'신고','qna test2',null);
Insert into TRAVELMAKER.QNA (QNA_NUM,USER_ID,QNA_DATE,QNA_TYPE,QNA_CONTENT,QNA_REPLY) values ('qna00000076','test',to_date('17/07/11','RR/MM/DD'),'신고','qna test1',null);
Insert into TRAVELMAKER.QNA (QNA_NUM,USER_ID,QNA_DATE,QNA_TYPE,QNA_CONTENT,QNA_REPLY) values ('qna00000077','test',to_date('17/07/11','RR/MM/DD'),'문의','qna test0',null);
Insert into TRAVELMAKER.QNA (QNA_NUM,USER_ID,QNA_DATE,QNA_TYPE,QNA_CONTENT,QNA_REPLY) values ('qna00000078','test',to_date('17/07/11','RR/MM/DD'),'문의','qna test',null);
Insert into TRAVELMAKER.QNA (QNA_NUM,USER_ID,QNA_DATE,QNA_TYPE,QNA_CONTENT,QNA_REPLY) values ('qna00000083','sadviolet89',to_date('17/07/12','RR/MM/DD'),'문의','이페이지 잘되는거죠 ?<br><br>맞죠 ?',null);
Insert into TRAVELMAKER.QNA (QNA_NUM,USER_ID,QNA_DATE,QNA_TYPE,QNA_CONTENT,QNA_REPLY) values ('qna00000080','test',to_date('17/07/11','RR/MM/DD'),'문의','엔터키 확인 <br>정말<br>되라<br>제발<br>엔터<br>엔터',null);
Insert into TRAVELMAKER.QNA (QNA_NUM,USER_ID,QNA_DATE,QNA_TYPE,QNA_CONTENT,QNA_REPLY) values ('qna00000081','test',to_date('17/07/11','RR/MM/DD'),'문의','더 길게 된니 ?<br><br>응 ?<br><br>정말 <br><br><br>되라 !!',null);
Insert into TRAVELMAKER.QNA (QNA_NUM,USER_ID,QNA_DATE,QNA_TYPE,QNA_CONTENT,QNA_REPLY) values ('qna00000045','member',to_date('17/07/06','RR/MM/DD'),'신고','다시 시퀀스 테스트','답변');
Insert into TRAVELMAKER.QNA (QNA_NUM,USER_ID,QNA_DATE,QNA_TYPE,QNA_CONTENT,QNA_REPLY) values ('qna00000046','member',to_date('17/07/06','RR/MM/DD'),'문의','시퀀스 제발 되라....',null);
Insert into TRAVELMAKER.QNA (QNA_NUM,USER_ID,QNA_DATE,QNA_TYPE,QNA_CONTENT,QNA_REPLY) values ('qna00000061','doohee94',to_date('17/07/11','RR/MM/DD'),'문의','여백 없애주세요','네');
Insert into TRAVELMAKER.QNA (QNA_NUM,USER_ID,QNA_DATE,QNA_TYPE,QNA_CONTENT,QNA_REPLY) values ('qna00000079','test',to_date('17/07/11','RR/MM/DD'),'문의','짱신기하다 ㅋㅋ
헐 정말 되다니
ㅋ
ㅋ
ㅋ
ㅋ
ㅋ
ㅋ
ㅋ
ㅋㅋ
ㅋ
ㅋ
ㅋ
ㅋ
ㅋㅋ
ㅋ',null);
Insert into TRAVELMAKER.QNA (QNA_NUM,USER_ID,QNA_DATE,QNA_TYPE,QNA_CONTENT,QNA_REPLY) values ('qna00000062','kht518',to_date('17/07/11','RR/MM/DD'),'신고','신고 하나 요',null);
Insert into TRAVELMAKER.QNA (QNA_NUM,USER_ID,QNA_DATE,QNA_TYPE,QNA_CONTENT,QNA_REPLY) values ('qna00000047','doohee94',to_date('17/07/06','RR/MM/DD'),'문의','저기.... 혹시.. 이사이트... 구린거.. 아나요?
ㅎ','아니오 몰라요');
Insert into TRAVELMAKER.QNA (QNA_NUM,USER_ID,QNA_DATE,QNA_TYPE,QNA_CONTENT,QNA_REPLY) values ('qna00000063','kht518',to_date('17/07/11','RR/MM/DD'),'문의','신고인데 초록색은 너무하네요',null);
Insert into TRAVELMAKER.QNA (QNA_NUM,USER_ID,QNA_DATE,QNA_TYPE,QNA_CONTENT,QNA_REPLY) values ('qna00000082','doohee94',to_date('17/07/12','RR/MM/DD'),'문의','이거 구려요','답변달기');
REM INSERTING into TRAVELMAKER.REVIEWLIKE
SET DEFINE OFF;
Insert into TRAVELMAKER.REVIEWLIKE (USER_ID,SC_NUM) values ('sadviolet89','S2017071291018983');
Insert into TRAVELMAKER.REVIEWLIKE (USER_ID,SC_NUM) values ('member','S2017071291018983');
REM INSERTING into TRAVELMAKER.REVIEWREPLY
SET DEFINE OFF;
Insert into TRAVELMAKER.REVIEWREPLY (REVIEWREPLY_NUM,USER_ID,SC_NUM,WRITE_DATE,REPLY) values ('51','member','S2017071291018983','17-07-12','우와');
Insert into TRAVELMAKER.REVIEWREPLY (REVIEWREPLY_NUM,USER_ID,SC_NUM,WRITE_DATE,REPLY) values ('44','taronkim','S20170710112613810','17-07-11','우왕~~~~~~~~~~~~~~~~~~~~~~~~~~~~~~~~~~');
Insert into TRAVELMAKER.REVIEWREPLY (REVIEWREPLY_NUM,USER_ID,SC_NUM,WRITE_DATE,REPLY) values ('45','dpdms403','S20170710112613810','17-07-11','방민주 행복하니');
Insert into TRAVELMAKER.REVIEWREPLY (REVIEWREPLY_NUM,USER_ID,SC_NUM,WRITE_DATE,REPLY) values ('46','dpdms403','S20170710112613810','17-07-11','싸우지마ㅠㅠ');
Insert into TRAVELMAKER.REVIEWREPLY (REVIEWREPLY_NUM,USER_ID,SC_NUM,WRITE_DATE,REPLY) values ('47','dpdms403','S20170710112613810','17-07-11','화이팅~~~~');
Insert into TRAVELMAKER.REVIEWREPLY (REVIEWREPLY_NUM,USER_ID,SC_NUM,WRITE_DATE,REPLY) values ('48','dpdms403','S20170710112613810','17-07-11','^~^');
Insert into TRAVELMAKER.REVIEWREPLY (REVIEWREPLY_NUM,USER_ID,SC_NUM,WRITE_DATE,REPLY) values ('49','member','S20170711225519202','17-07-12','안되는거니?');
Insert into TRAVELMAKER.REVIEWREPLY (REVIEWREPLY_NUM,USER_ID,SC_NUM,WRITE_DATE,REPLY) values ('50','doohee94','S2017071291018983','17-07-12','댓글댓글');
Insert into TRAVELMAKER.REVIEWREPLY (REVIEWREPLY_NUM,USER_ID,SC_NUM,WRITE_DATE,REPLY) values ('52','member','S2017071291018983','17-07-12','멋져요!!!!!');
REM INSERTING into TRAVELMAKER.STEMP
SET DEFINE OFF;
Insert into TRAVELMAKER.STEMP (STEMP_NUM,PARSTEMP_NUM,USER_ID,STEMP_DATE) values ('stemp00000062','st00000021','test',to_date('17/07/10','RR/MM/DD'));
Insert into TRAVELMAKER.STEMP (STEMP_NUM,PARSTEMP_NUM,USER_ID,STEMP_DATE) values ('stemp00000066','st00000044','doohee94',to_date('17/07/10','RR/MM/DD'));
Insert into TRAVELMAKER.STEMP (STEMP_NUM,PARSTEMP_NUM,USER_ID,STEMP_DATE) values ('stemp00000067','st00000044','member',to_date('17/07/10','RR/MM/DD'));
Insert into TRAVELMAKER.STEMP (STEMP_NUM,PARSTEMP_NUM,USER_ID,STEMP_DATE) values ('stemp00000103','st00000075','sadviolet89',to_date('17/07/12','RR/MM/DD'));
Insert into TRAVELMAKER.STEMP (STEMP_NUM,PARSTEMP_NUM,USER_ID,STEMP_DATE) values ('stemp00000061','st00000021','doohee94',to_date('17/07/10','RR/MM/DD'));
Insert into TRAVELMAKER.STEMP (STEMP_NUM,PARSTEMP_NUM,USER_ID,STEMP_DATE) values ('stemp00000081','st00000061','member',to_date('17/07/11','RR/MM/DD'));
Insert into TRAVELMAKER.STEMP (STEMP_NUM,PARSTEMP_NUM,USER_ID,STEMP_DATE) values ('stemp00000063','st00000001','doohee94',to_date('17/07/10','RR/MM/DD'));
Insert into TRAVELMAKER.STEMP (STEMP_NUM,PARSTEMP_NUM,USER_ID,STEMP_DATE) values ('stemp00000064','st00000002','doohee94',to_date('17/07/10','RR/MM/DD'));
Insert into TRAVELMAKER.STEMP (STEMP_NUM,PARSTEMP_NUM,USER_ID,STEMP_DATE) values ('stemp00000065','st00000021','kht518',to_date('17/07/10','RR/MM/DD'));
Insert into TRAVELMAKER.STEMP (STEMP_NUM,PARSTEMP_NUM,USER_ID,STEMP_DATE) values ('stemp00000082','st00000072','kht518',to_date('17/07/12','RR/MM/DD'));
Insert into TRAVELMAKER.STEMP (STEMP_NUM,PARSTEMP_NUM,USER_ID,STEMP_DATE) values ('stemp00000083','st00000068','kht518',to_date('17/07/12','RR/MM/DD'));
Insert into TRAVELMAKER.STEMP (STEMP_NUM,PARSTEMP_NUM,USER_ID,STEMP_DATE) values ('stemp00000084','st00000067','kht518',to_date('17/07/12','RR/MM/DD'));
Insert into TRAVELMAKER.STEMP (STEMP_NUM,PARSTEMP_NUM,USER_ID,STEMP_DATE) values ('stemp00000102','st00000076','doohee94',to_date('17/07/12','RR/MM/DD'));
Insert into TRAVELMAKER.STEMP (STEMP_NUM,PARSTEMP_NUM,USER_ID,STEMP_DATE) values ('stemp00000088','st00000076','kht518',to_date('17/07/12','RR/MM/DD'));
Insert into TRAVELMAKER.STEMP (STEMP_NUM,PARSTEMP_NUM,USER_ID,STEMP_DATE) values ('stemp00000050','st00000021','member',to_date('17/07/09','RR/MM/DD'));
Insert into TRAVELMAKER.STEMP (STEMP_NUM,PARSTEMP_NUM,USER_ID,STEMP_DATE) values ('stemp00000090','st00000075','kht518',to_date('17/07/12','RR/MM/DD'));
Insert into TRAVELMAKER.STEMP (STEMP_NUM,PARSTEMP_NUM,USER_ID,STEMP_DATE) values ('stemp00000089','st00000069','doohee94',to_date('17/07/12','RR/MM/DD'));
Insert into TRAVELMAKER.STEMP (STEMP_NUM,PARSTEMP_NUM,USER_ID,STEMP_DATE) values ('stemp00000091','st00000074','kht518',to_date('17/07/12','RR/MM/DD'));
Insert into TRAVELMAKER.STEMP (STEMP_NUM,PARSTEMP_NUM,USER_ID,STEMP_DATE) values ('stemp00000093','st00000061','kht518',to_date('17/07/12','RR/MM/DD'));
Insert into TRAVELMAKER.STEMP (STEMP_NUM,PARSTEMP_NUM,USER_ID,STEMP_DATE) values ('stemp00000094','st00000062','kht518',to_date('17/07/12','RR/MM/DD'));
Insert into TRAVELMAKER.STEMP (STEMP_NUM,PARSTEMP_NUM,USER_ID,STEMP_DATE) values ('stemp00000095','st00000063','kht518',to_date('17/07/12','RR/MM/DD'));
Insert into TRAVELMAKER.STEMP (STEMP_NUM,PARSTEMP_NUM,USER_ID,STEMP_DATE) values ('stemp00000099','st00000044','kht518',to_date('17/07/12','RR/MM/DD'));
Insert into TRAVELMAKER.STEMP (STEMP_NUM,PARSTEMP_NUM,USER_ID,STEMP_DATE) values ('stemp00000100','st00000002','kht518',to_date('17/07/12','RR/MM/DD'));
Insert into TRAVELMAKER.STEMP (STEMP_NUM,PARSTEMP_NUM,USER_ID,STEMP_DATE) values ('stemp00000101','st00000001','kht518',to_date('17/07/12','RR/MM/DD'));
REM INSERTING into TRAVELMAKER.TOTALRE
SET DEFINE OFF;
Insert into TRAVELMAKER.TOTALRE (TOTALRE_NUM,USER_ID,SC_NUM,TOTALRE_TITLE,TOTALRE_CONTENT,TOTALRE_PHOTO4,TOTALRE_PHOTO4FAKE,TOTALRE_PHOTO3,TOTALRE_PHOTO3FAKE,TOTALRE_PHOTO2,TOTALRE_PHOTO2FAKE,TOTALRE_PHOTO1,TOTALRE_PHOTO1FAKE,TOTALRE_LIKECOUNT) values ('124','doohee94','S2017071291018983','즐거운 여행','리뷰리뷸~~~~','여행지4.PNG','9240c095-3694-4495-8545-f1e0bae6f572여행지4.PNG','여행지3.PNG','d7684d6f-dd1a-4e48-b72d-697f0cd4ac2e여행지3.PNG','여행지2.PNG','202b40d0-b898-4eeb-af39-d8a4311d803e여행지2.PNG','여행지1.PNG','dae71fb2-32d8-4387-88a0-5ea9ad611365여행지1.PNG','0');
--------------------------------------------------------
--  DDL for Index PK_TM_AD_NUM
--------------------------------------------------------

  CREATE UNIQUE INDEX "TRAVELMAKER"."PK_TM_AD_NUM" ON "TRAVELMAKER"."ADVERTISEMENT" ("AD_NUM") 
  PCTFREE 10 INITRANS 2 MAXTRANS 255 COMPUTE STATISTICS 
  STORAGE(INITIAL 65536 NEXT 1048576 MINEXTENTS 1 MAXEXTENTS 2147483645
  PCTINCREASE 0 FREELISTS 1 FREELIST GROUPS 1 BUFFER_POOL DEFAULT FLASH_CACHE DEFAULT CELL_FLASH_CACHE DEFAULT)
  TABLESPACE "USERS" ;
--------------------------------------------------------
--  DDL for Index PK_TM_LIKELOC_NUM
--------------------------------------------------------

  CREATE UNIQUE INDEX "TRAVELMAKER"."PK_TM_LIKELOC_NUM" ON "TRAVELMAKER"."LIKELOC" ("LIKELOC_NUM") 
  PCTFREE 10 INITRANS 2 MAXTRANS 255 COMPUTE STATISTICS 
  STORAGE(INITIAL 65536 NEXT 1048576 MINEXTENTS 1 MAXEXTENTS 2147483645
  PCTINCREASE 0 FREELISTS 1 FREELIST GROUPS 1 BUFFER_POOL DEFAULT FLASH_CACHE DEFAULT CELL_FLASH_CACHE DEFAULT)
  TABLESPACE "USERS" ;
--------------------------------------------------------
--  DDL for Index PK_TM_LIKESPOT_NUM
--------------------------------------------------------

  CREATE UNIQUE INDEX "TRAVELMAKER"."PK_TM_LIKESPOT_NUM" ON "TRAVELMAKER"."LIKESPOT" ("LIKESPOT_NUM") 
  PCTFREE 10 INITRANS 2 MAXTRANS 255 COMPUTE STATISTICS 
  STORAGE(INITIAL 65536 NEXT 1048576 MINEXTENTS 1 MAXEXTENTS 2147483645
  PCTINCREASE 0 FREELISTS 1 FREELIST GROUPS 1 BUFFER_POOL DEFAULT FLASH_CACHE DEFAULT CELL_FLASH_CACHE DEFAULT)
  TABLESPACE "USERS" ;
--------------------------------------------------------
--  DDL for Index PK_TM_USER_ID
--------------------------------------------------------

  CREATE UNIQUE INDEX "TRAVELMAKER"."PK_TM_USER_ID" ON "TRAVELMAKER"."MEMBER" ("USER_ID") 
  PCTFREE 10 INITRANS 2 MAXTRANS 255 COMPUTE STATISTICS 
  STORAGE(INITIAL 65536 NEXT 1048576 MINEXTENTS 1 MAXEXTENTS 2147483645
  PCTINCREASE 0 FREELISTS 1 FREELIST GROUPS 1 BUFFER_POOL DEFAULT FLASH_CACHE DEFAULT CELL_FLASH_CACHE DEFAULT)
  TABLESPACE "USERS" ;
--------------------------------------------------------
--  DDL for Index PK_TM_PARSTEMP_NUM
--------------------------------------------------------

  CREATE UNIQUE INDEX "TRAVELMAKER"."PK_TM_PARSTEMP_NUM" ON "TRAVELMAKER"."PARSTEMP" ("PARSTEMP_NUM") 
  PCTFREE 10 INITRANS 2 MAXTRANS 255 COMPUTE STATISTICS 
  STORAGE(INITIAL 65536 NEXT 1048576 MINEXTENTS 1 MAXEXTENTS 2147483645
  PCTINCREASE 0 FREELISTS 1 FREELIST GROUPS 1 BUFFER_POOL DEFAULT FLASH_CACHE DEFAULT CELL_FLASH_CACHE DEFAULT)
  TABLESPACE "USERS" ;
--------------------------------------------------------
--  DDL for Index PK_TM_PARTNER_NUM
--------------------------------------------------------

  CREATE UNIQUE INDEX "TRAVELMAKER"."PK_TM_PARTNER_NUM" ON "TRAVELMAKER"."PARTNER" ("PARTNER_NUM") 
  PCTFREE 10 INITRANS 2 MAXTRANS 255 COMPUTE STATISTICS 
  STORAGE(INITIAL 65536 NEXT 1048576 MINEXTENTS 1 MAXEXTENTS 2147483645
  PCTINCREASE 0 FREELISTS 1 FREELIST GROUPS 1 BUFFER_POOL DEFAULT FLASH_CACHE DEFAULT CELL_FLASH_CACHE DEFAULT)
  TABLESPACE "USERS" ;
--------------------------------------------------------
--  DDL for Index PK_TM_QNA_NUM
--------------------------------------------------------

  CREATE UNIQUE INDEX "TRAVELMAKER"."PK_TM_QNA_NUM" ON "TRAVELMAKER"."QNA" ("QNA_NUM") 
  PCTFREE 10 INITRANS 2 MAXTRANS 255 COMPUTE STATISTICS 
  STORAGE(INITIAL 65536 NEXT 1048576 MINEXTENTS 1 MAXEXTENTS 2147483645
  PCTINCREASE 0 FREELISTS 1 FREELIST GROUPS 1 BUFFER_POOL DEFAULT FLASH_CACHE DEFAULT CELL_FLASH_CACHE DEFAULT)
  TABLESPACE "USERS" ;
--------------------------------------------------------
--  DDL for Index PK_TM_REVIEWREPLY_NUM
--------------------------------------------------------

  CREATE UNIQUE INDEX "TRAVELMAKER"."PK_TM_REVIEWREPLY_NUM" ON "TRAVELMAKER"."REVIEWREPLY" ("REVIEWREPLY_NUM") 
  PCTFREE 10 INITRANS 2 MAXTRANS 255 COMPUTE STATISTICS 
  STORAGE(INITIAL 65536 NEXT 1048576 MINEXTENTS 1 MAXEXTENTS 2147483645
  PCTINCREASE 0 FREELISTS 1 FREELIST GROUPS 1 BUFFER_POOL DEFAULT FLASH_CACHE DEFAULT CELL_FLASH_CACHE DEFAULT)
  TABLESPACE "USERS" ;
--------------------------------------------------------
--  DDL for Index PK_TM_STEMP_NUM
--------------------------------------------------------

  CREATE UNIQUE INDEX "TRAVELMAKER"."PK_TM_STEMP_NUM" ON "TRAVELMAKER"."STEMP" ("STEMP_NUM") 
  PCTFREE 10 INITRANS 2 MAXTRANS 255 COMPUTE STATISTICS 
  STORAGE(INITIAL 65536 NEXT 1048576 MINEXTENTS 1 MAXEXTENTS 2147483645
  PCTINCREASE 0 FREELISTS 1 FREELIST GROUPS 1 BUFFER_POOL DEFAULT FLASH_CACHE DEFAULT CELL_FLASH_CACHE DEFAULT)
  TABLESPACE "USERS" ;
--------------------------------------------------------
--  DDL for Index PK_TM_TOTALRE_NUM
--------------------------------------------------------

  CREATE UNIQUE INDEX "TRAVELMAKER"."PK_TM_TOTALRE_NUM" ON "TRAVELMAKER"."TOTALRE" ("TOTALRE_NUM") 
  PCTFREE 10 INITRANS 2 MAXTRANS 255 COMPUTE STATISTICS 
  STORAGE(INITIAL 65536 NEXT 1048576 MINEXTENTS 1 MAXEXTENTS 2147483645
  PCTINCREASE 0 FREELISTS 1 FREELIST GROUPS 1 BUFFER_POOL DEFAULT FLASH_CACHE DEFAULT CELL_FLASH_CACHE DEFAULT)
  TABLESPACE "USERS" ;
--------------------------------------------------------
--  Constraints for Table ADVERTISEMENT
--------------------------------------------------------

  ALTER TABLE "TRAVELMAKER"."ADVERTISEMENT" ADD CONSTRAINT "PK_TM_AD_NUM" PRIMARY KEY ("AD_NUM")
  USING INDEX PCTFREE 10 INITRANS 2 MAXTRANS 255 COMPUTE STATISTICS 
  STORAGE(INITIAL 65536 NEXT 1048576 MINEXTENTS 1 MAXEXTENTS 2147483645
  PCTINCREASE 0 FREELISTS 1 FREELIST GROUPS 1 BUFFER_POOL DEFAULT FLASH_CACHE DEFAULT CELL_FLASH_CACHE DEFAULT)
  TABLESPACE "USERS"  ENABLE;
 
  ALTER TABLE "TRAVELMAKER"."ADVERTISEMENT" MODIFY ("AD_NUM" NOT NULL ENABLE);
 
  ALTER TABLE "TRAVELMAKER"."ADVERTISEMENT" MODIFY ("PARTNER_NUM" NOT NULL ENABLE);
 
  ALTER TABLE "TRAVELMAKER"."ADVERTISEMENT" MODIFY ("AD_PHOTO" NOT NULL ENABLE);
 
  ALTER TABLE "TRAVELMAKER"."ADVERTISEMENT" MODIFY ("AD_PHOTOFAKE" NOT NULL ENABLE);
 
  ALTER TABLE "TRAVELMAKER"."ADVERTISEMENT" MODIFY ("AD_CHECK" NOT NULL ENABLE);
 
  ALTER TABLE "TRAVELMAKER"."ADVERTISEMENT" MODIFY ("AD_STDATE" NOT NULL ENABLE);
 
  ALTER TABLE "TRAVELMAKER"."ADVERTISEMENT" MODIFY ("AD_EDDATE" NOT NULL ENABLE);
--------------------------------------------------------
--  Constraints for Table HASHTAG
--------------------------------------------------------

  ALTER TABLE "TRAVELMAKER"."HASHTAG" MODIFY ("SC_NUM" NOT NULL ENABLE);
 
  ALTER TABLE "TRAVELMAKER"."HASHTAG" MODIFY ("HASHTAG" NOT NULL ENABLE);
--------------------------------------------------------
--  Constraints for Table LIKELOC
--------------------------------------------------------

  ALTER TABLE "TRAVELMAKER"."LIKELOC" ADD CONSTRAINT "PK_TM_LIKELOC_NUM" PRIMARY KEY ("LIKELOC_NUM")
  USING INDEX PCTFREE 10 INITRANS 2 MAXTRANS 255 COMPUTE STATISTICS 
  STORAGE(INITIAL 65536 NEXT 1048576 MINEXTENTS 1 MAXEXTENTS 2147483645
  PCTINCREASE 0 FREELISTS 1 FREELIST GROUPS 1 BUFFER_POOL DEFAULT FLASH_CACHE DEFAULT CELL_FLASH_CACHE DEFAULT)
  TABLESPACE "USERS"  ENABLE;
 
  ALTER TABLE "TRAVELMAKER"."LIKELOC" MODIFY ("LIKELOC_NUM" NOT NULL ENABLE);
 
  ALTER TABLE "TRAVELMAKER"."LIKELOC" MODIFY ("USER_ID" NOT NULL ENABLE);
 
  ALTER TABLE "TRAVELMAKER"."LIKELOC" MODIFY ("LIKELOC_NAME" NOT NULL ENABLE);
--------------------------------------------------------
--  Constraints for Table LIKESPOT
--------------------------------------------------------

  ALTER TABLE "TRAVELMAKER"."LIKESPOT" ADD CONSTRAINT "PK_TM_LIKESPOT_NUM" PRIMARY KEY ("LIKESPOT_NUM")
  USING INDEX PCTFREE 10 INITRANS 2 MAXTRANS 255 COMPUTE STATISTICS 
  STORAGE(INITIAL 65536 NEXT 1048576 MINEXTENTS 1 MAXEXTENTS 2147483645
  PCTINCREASE 0 FREELISTS 1 FREELIST GROUPS 1 BUFFER_POOL DEFAULT FLASH_CACHE DEFAULT CELL_FLASH_CACHE DEFAULT)
  TABLESPACE "USERS"  ENABLE;
 
  ALTER TABLE "TRAVELMAKER"."LIKESPOT" MODIFY ("LIKESPOT_NUM" NOT NULL ENABLE);
 
  ALTER TABLE "TRAVELMAKER"."LIKESPOT" MODIFY ("USER_ID" NOT NULL ENABLE);
 
  ALTER TABLE "TRAVELMAKER"."LIKESPOT" MODIFY ("LIKESPOT_NAME" NOT NULL ENABLE);
 
  ALTER TABLE "TRAVELMAKER"."LIKESPOT" MODIFY ("LIKESPOT_REASON" NOT NULL ENABLE);
--------------------------------------------------------
--  Constraints for Table MEMBER
--------------------------------------------------------

  ALTER TABLE "TRAVELMAKER"."MEMBER" ADD CONSTRAINT "PK_TM_USER_ID" PRIMARY KEY ("USER_ID")
  USING INDEX PCTFREE 10 INITRANS 2 MAXTRANS 255 COMPUTE STATISTICS 
  STORAGE(INITIAL 65536 NEXT 1048576 MINEXTENTS 1 MAXEXTENTS 2147483645
  PCTINCREASE 0 FREELISTS 1 FREELIST GROUPS 1 BUFFER_POOL DEFAULT FLASH_CACHE DEFAULT CELL_FLASH_CACHE DEFAULT)
  TABLESPACE "USERS"  ENABLE;
 
  ALTER TABLE "TRAVELMAKER"."MEMBER" MODIFY ("USER_ID" NOT NULL ENABLE);
 
  ALTER TABLE "TRAVELMAKER"."MEMBER" MODIFY ("USER_PW" NOT NULL ENABLE);
 
  ALTER TABLE "TRAVELMAKER"."MEMBER" MODIFY ("USER_NICK" NOT NULL ENABLE);
 
  ALTER TABLE "TRAVELMAKER"."MEMBER" MODIFY ("USER_NAME" NOT NULL ENABLE);
 
  ALTER TABLE "TRAVELMAKER"."MEMBER" MODIFY ("USER_ADDR" NOT NULL ENABLE);
 
  ALTER TABLE "TRAVELMAKER"."MEMBER" MODIFY ("USER_TEL" NOT NULL ENABLE);
 
  ALTER TABLE "TRAVELMAKER"."MEMBER" MODIFY ("USER_TYPE" NOT NULL ENABLE);
 
  ALTER TABLE "TRAVELMAKER"."MEMBER" MODIFY ("USER_DATE" NOT NULL ENABLE);
 
  ALTER TABLE "TRAVELMAKER"."MEMBER" MODIFY ("USER_EMAIL" NOT NULL ENABLE);
--------------------------------------------------------
--  Constraints for Table PARSTEMP
--------------------------------------------------------

  ALTER TABLE "TRAVELMAKER"."PARSTEMP" ADD CONSTRAINT "PK_TM_PARSTEMP_NUM" PRIMARY KEY ("PARSTEMP_NUM")
  USING INDEX PCTFREE 10 INITRANS 2 MAXTRANS 255 COMPUTE STATISTICS 
  STORAGE(INITIAL 65536 NEXT 1048576 MINEXTENTS 1 MAXEXTENTS 2147483645
  PCTINCREASE 0 FREELISTS 1 FREELIST GROUPS 1 BUFFER_POOL DEFAULT FLASH_CACHE DEFAULT CELL_FLASH_CACHE DEFAULT)
  TABLESPACE "USERS"  ENABLE;
 
  ALTER TABLE "TRAVELMAKER"."PARSTEMP" MODIFY ("PARSTEMP_NUM" NOT NULL ENABLE);
 
  ALTER TABLE "TRAVELMAKER"."PARSTEMP" MODIFY ("PARTNER_NUM" NOT NULL ENABLE);
 
  ALTER TABLE "TRAVELMAKER"."PARSTEMP" MODIFY ("PARTNER_NAME" NOT NULL ENABLE);
 
  ALTER TABLE "TRAVELMAKER"."PARSTEMP" MODIFY ("PARTNER_ADDR" NOT NULL ENABLE);
--------------------------------------------------------
--  Constraints for Table PARTNER
--------------------------------------------------------

  ALTER TABLE "TRAVELMAKER"."PARTNER" ADD CONSTRAINT "PK_TM_PARTNER_NUM" PRIMARY KEY ("PARTNER_NUM")
  USING INDEX PCTFREE 10 INITRANS 2 MAXTRANS 255 COMPUTE STATISTICS 
  STORAGE(INITIAL 65536 NEXT 1048576 MINEXTENTS 1 MAXEXTENTS 2147483645
  PCTINCREASE 0 FREELISTS 1 FREELIST GROUPS 1 BUFFER_POOL DEFAULT FLASH_CACHE DEFAULT CELL_FLASH_CACHE DEFAULT)
  TABLESPACE "USERS"  ENABLE;
 
  ALTER TABLE "TRAVELMAKER"."PARTNER" MODIFY ("PARTNER_NUM" NOT NULL ENABLE);
 
  ALTER TABLE "TRAVELMAKER"."PARTNER" MODIFY ("PARTNER_REGINUM" NOT NULL ENABLE);
 
  ALTER TABLE "TRAVELMAKER"."PARTNER" MODIFY ("PARTNER_COMNAME" NOT NULL ENABLE);
 
  ALTER TABLE "TRAVELMAKER"."PARTNER" MODIFY ("PARTNER_CEONAME" NOT NULL ENABLE);
 
  ALTER TABLE "TRAVELMAKER"."PARTNER" MODIFY ("PARTNER_EMAIL" NOT NULL ENABLE);
 
  ALTER TABLE "TRAVELMAKER"."PARTNER" MODIFY ("PARTNER_TEL" NOT NULL ENABLE);
 
  ALTER TABLE "TRAVELMAKER"."PARTNER" MODIFY ("PARTNER_CONTENT" NOT NULL ENABLE);
 
  ALTER TABLE "TRAVELMAKER"."PARTNER" MODIFY ("PARTNER_DATE" NOT NULL ENABLE);
 
  ALTER TABLE "TRAVELMAKER"."PARTNER" MODIFY ("PARTNER_STATE" NOT NULL ENABLE);
 
  ALTER TABLE "TRAVELMAKER"."PARTNER" MODIFY ("PARTNER_TYPE" NOT NULL ENABLE);
--------------------------------------------------------
--  Constraints for Table QNA
--------------------------------------------------------

  ALTER TABLE "TRAVELMAKER"."QNA" ADD CONSTRAINT "PK_TM_QNA_NUM" PRIMARY KEY ("QNA_NUM")
  USING INDEX PCTFREE 10 INITRANS 2 MAXTRANS 255 COMPUTE STATISTICS 
  STORAGE(INITIAL 65536 NEXT 1048576 MINEXTENTS 1 MAXEXTENTS 2147483645
  PCTINCREASE 0 FREELISTS 1 FREELIST GROUPS 1 BUFFER_POOL DEFAULT FLASH_CACHE DEFAULT CELL_FLASH_CACHE DEFAULT)
  TABLESPACE "USERS"  ENABLE;
 
  ALTER TABLE "TRAVELMAKER"."QNA" MODIFY ("QNA_NUM" NOT NULL ENABLE);
 
  ALTER TABLE "TRAVELMAKER"."QNA" MODIFY ("USER_ID" NOT NULL ENABLE);
 
  ALTER TABLE "TRAVELMAKER"."QNA" MODIFY ("QNA_DATE" NOT NULL ENABLE);
 
  ALTER TABLE "TRAVELMAKER"."QNA" MODIFY ("QNA_TYPE" NOT NULL ENABLE);
 
  ALTER TABLE "TRAVELMAKER"."QNA" MODIFY ("QNA_CONTENT" NOT NULL ENABLE);
--------------------------------------------------------
--  Constraints for Table REVIEWLIKE
--------------------------------------------------------

  ALTER TABLE "TRAVELMAKER"."REVIEWLIKE" MODIFY ("USER_ID" NOT NULL ENABLE);
 
  ALTER TABLE "TRAVELMAKER"."REVIEWLIKE" MODIFY ("SC_NUM" NOT NULL ENABLE);
--------------------------------------------------------
--  Constraints for Table REVIEWREPLY
--------------------------------------------------------

  ALTER TABLE "TRAVELMAKER"."REVIEWREPLY" ADD CONSTRAINT "PK_TM_REVIEWREPLY_NUM" PRIMARY KEY ("REVIEWREPLY_NUM")
  USING INDEX PCTFREE 10 INITRANS 2 MAXTRANS 255 COMPUTE STATISTICS 
  STORAGE(INITIAL 65536 NEXT 1048576 MINEXTENTS 1 MAXEXTENTS 2147483645
  PCTINCREASE 0 FREELISTS 1 FREELIST GROUPS 1 BUFFER_POOL DEFAULT FLASH_CACHE DEFAULT CELL_FLASH_CACHE DEFAULT)
  TABLESPACE "USERS"  ENABLE;
 
  ALTER TABLE "TRAVELMAKER"."REVIEWREPLY" MODIFY ("USER_ID" NOT NULL ENABLE);
 
  ALTER TABLE "TRAVELMAKER"."REVIEWREPLY" MODIFY ("SC_NUM" NOT NULL ENABLE);
 
  ALTER TABLE "TRAVELMAKER"."REVIEWREPLY" MODIFY ("WRITE_DATE" NOT NULL ENABLE);
 
  ALTER TABLE "TRAVELMAKER"."REVIEWREPLY" MODIFY ("REPLY" NOT NULL ENABLE);
--------------------------------------------------------
--  Constraints for Table STEMP
--------------------------------------------------------

  ALTER TABLE "TRAVELMAKER"."STEMP" ADD CONSTRAINT "PK_TM_STEMP_NUM" PRIMARY KEY ("STEMP_NUM")
  USING INDEX PCTFREE 10 INITRANS 2 MAXTRANS 255 COMPUTE STATISTICS 
  STORAGE(INITIAL 65536 NEXT 1048576 MINEXTENTS 1 MAXEXTENTS 2147483645
  PCTINCREASE 0 FREELISTS 1 FREELIST GROUPS 1 BUFFER_POOL DEFAULT FLASH_CACHE DEFAULT CELL_FLASH_CACHE DEFAULT)
  TABLESPACE "USERS"  ENABLE;
 
  ALTER TABLE "TRAVELMAKER"."STEMP" MODIFY ("STEMP_NUM" NOT NULL ENABLE);
 
  ALTER TABLE "TRAVELMAKER"."STEMP" MODIFY ("PARSTEMP_NUM" NOT NULL ENABLE);
 
  ALTER TABLE "TRAVELMAKER"."STEMP" MODIFY ("USER_ID" NOT NULL ENABLE);
--------------------------------------------------------
--  Constraints for Table TOTALRE
--------------------------------------------------------

  ALTER TABLE "TRAVELMAKER"."TOTALRE" ADD CONSTRAINT "PK_TM_TOTALRE_NUM" PRIMARY KEY ("TOTALRE_NUM")
  USING INDEX PCTFREE 10 INITRANS 2 MAXTRANS 255 COMPUTE STATISTICS 
  STORAGE(INITIAL 65536 NEXT 1048576 MINEXTENTS 1 MAXEXTENTS 2147483645
  PCTINCREASE 0 FREELISTS 1 FREELIST GROUPS 1 BUFFER_POOL DEFAULT FLASH_CACHE DEFAULT CELL_FLASH_CACHE DEFAULT)
  TABLESPACE "USERS"  ENABLE;
 
  ALTER TABLE "TRAVELMAKER"."TOTALRE" MODIFY ("TOTALRE_NUM" NOT NULL ENABLE);
 
  ALTER TABLE "TRAVELMAKER"."TOTALRE" MODIFY ("USER_ID" NOT NULL ENABLE);
 
  ALTER TABLE "TRAVELMAKER"."TOTALRE" MODIFY ("SC_NUM" NOT NULL ENABLE);
 
  ALTER TABLE "TRAVELMAKER"."TOTALRE" MODIFY ("TOTALRE_TITLE" NOT NULL ENABLE);
 
  ALTER TABLE "TRAVELMAKER"."TOTALRE" MODIFY ("TOTALRE_CONTENT" NOT NULL ENABLE);
 
  ALTER TABLE "TRAVELMAKER"."TOTALRE" MODIFY ("TOTALRE_PHOTO4" NOT NULL ENABLE);
 
  ALTER TABLE "TRAVELMAKER"."TOTALRE" MODIFY ("TOTALRE_PHOTO4FAKE" NOT NULL ENABLE);
 
  ALTER TABLE "TRAVELMAKER"."TOTALRE" MODIFY ("TOTALRE_PHOTO3" NOT NULL ENABLE);
 
  ALTER TABLE "TRAVELMAKER"."TOTALRE" MODIFY ("TOTALRE_PHOTO3FAKE" NOT NULL ENABLE);
 
  ALTER TABLE "TRAVELMAKER"."TOTALRE" MODIFY ("TOTALRE_PHOTO2" NOT NULL ENABLE);
 
  ALTER TABLE "TRAVELMAKER"."TOTALRE" MODIFY ("TOTALRE_PHOTO2FAKE" NOT NULL ENABLE);
 
  ALTER TABLE "TRAVELMAKER"."TOTALRE" MODIFY ("TOTALRE_PHOTO1" NOT NULL ENABLE);
 
  ALTER TABLE "TRAVELMAKER"."TOTALRE" MODIFY ("TOTALRE_PHOTO1FAKE" NOT NULL ENABLE);
 
  ALTER TABLE "TRAVELMAKER"."TOTALRE" MODIFY ("TOTALRE_LIKECOUNT" NOT NULL ENABLE);
